Npart,Nspec,Ncoll,weight
2,30,1,193605
3,29,2,99770
4,28,2,28752
4,28,3,54337
4,28,4,4544
5,27,3,34909
5,27,4,29443
5,27,5,5693
5,27,6,1638
6,26,3,3318
6,26,4,32698
6,26,5,17799
6,26,6,5038
6,26,7,2267
6,26,8,660
6,26,9,87
7,25,4,6789
7,25,5,26737
7,25,6,12492
7,25,7,5036
7,25,8,2302
7,25,9,970
7,25,10,383
7,25,11,87
7,25,12,34
8,24,4,316
8,24,5,9198
8,24,6,19890
8,24,7,9639
8,24,8,4830
8,24,9,2406
8,24,10,1206
8,24,11,596
8,24,12,245
8,24,13,97
8,24,14,30
8,24,15,11
8,24,16,2
9,23,5,903
9,23,6,10159
9,23,7,14994
9,23,8,8251
9,23,9,4906
9,23,10,2610
9,23,11,1398
9,23,12,703
9,23,13,357
9,23,14,193
9,23,15,62
9,23,16,39
9,23,17,10
9,23,18,4
9,23,19,1
9,23,20,1
10,22,5,20
10,22,6,1633
10,22,7,9627
10,22,8,11210
10,22,9,7156
10,22,10,4584
10,22,11,2740
10,22,12,1632
10,22,13,901
10,22,14,531
10,22,15,285
10,22,16,130
10,22,17,72
10,22,18,38
10,22,19,15
10,22,20,13
10,22,21,3
10,22,23,2
11,21,6,112
11,21,7,2276
11,21,8,8615
11,21,9,8785
11,21,10,6200
11,21,11,4517
11,21,12,2974
11,21,13,1717
11,21,14,1097
11,21,15,580
11,21,16,373
11,21,17,190
11,21,18,106
11,21,19,77
11,21,20,39
11,21,21,17
11,21,22,10
11,21,23,4
11,21,24,3
11,21,25,1
11,21,26,1
12,20,6,1
12,20,7,230
12,20,8,2683
12,20,9,7026
12,20,10,6882
12,20,11,5778
12,20,12,4257
12,20,13,2842
12,20,14,1952
12,20,15,1229
12,20,16,751
12,20,17,472
12,20,18,290
12,20,19,152
12,20,20,99
12,20,21,55
12,20,22,42
12,20,23,19
12,20,24,12
12,20,25,6
12,20,26,2
12,20,27,1
12,20,28,2
13,19,7,7
13,19,8,408
13,19,9,2835
13,19,10,5621
13,19,11,5873
13,19,12,5142
13,19,13,4028
13,19,14,2952
13,19,15,2070
13,19,16,1368
13,19,17,862
13,19,18,610
13,19,19,367
13,19,20,228
13,19,21,128
13,19,22,90
13,19,23,58
13,19,24,40
13,19,25,26
13,19,26,10
13,19,27,6
13,19,28,3
13,19,29,3
13,19,30,1
13,19,31,1
14,18,8,28
14,18,9,580
14,18,10,2722
14,18,11,4754
14,18,12,4919
14,18,13,4524
14,18,14,3679
14,18,15,2924
14,18,16,2108
14,18,17,1497
14,18,18,1055
14,18,19,694
14,18,20,461
14,18,21,295
14,18,22,200
14,18,23,141
14,18,24,83
14,18,25,49
14,18,26,34
14,18,27,20
14,18,28,9
14,18,29,9
14,18,30,4
14,18,32,1
14,18,33,2
14,18,38,1
15,17,8,1
15,17,9,54
15,17,10,655
15,17,11,2407
15,17,12,3949
15,17,13,4144
15,17,14,4007
15,17,15,3543
15,17,16,2774
15,17,17,2217
15,17,18,1624
15,17,19,1200
15,17,20,854
15,17,21,567
15,17,22,378
15,17,23,247
15,17,24,183
15,17,25,109
15,17,26,79
15,17,27,38
15,17,28,39
15,17,29,18
15,17,30,21
15,17,31,6
15,17,32,2
15,17,33,3
15,17,34,1
15,17,35,2
15,17,40,1
16,16,9,4
16,16,10,85
16,16,11,749
16,16,12,2118
16,16,13,3217
16,16,14,3674
16,16,15,3588
16,16,16,3200
16,16,17,2728
16,16,18,2245
16,16,19,1689
16,16,20,1266
16,16,21,916
16,16,22,668
16,16,23,447
16,16,24,305
16,16,25,218
16,16,26,162
16,16,27,94
16,16,28,68
16,16,29,57
16,16,30,37
16,16,31,25
16,16,32,12
16,16,33,12
16,16,34,9
16,16,35,8
16,16,37,1
17,15,9,1
17,15,10,7
17,15,11,128
17,15,12,718
17,15,13,1811
17,15,14,2636
17,15,15,3085
17,15,16,3099
17,15,17,3058
17,15,18,2701
17,15,19,2210
17,15,20,1785
17,15,21,1291
17,15,22,980
17,15,23,790
17,15,24,577
17,15,25,389
17,15,26,282
17,15,27,179
17,15,28,149
17,15,29,116
17,15,30,66
17,15,31,41
17,15,32,30
17,15,33,18
17,15,34,19
17,15,35,5
17,15,36,8
17,15,37,6
17,15,40,1
17,15,42,1
17,15,44,1
18,14,10,1
18,14,11,8
18,14,12,162
18,14,13,684
18,14,14,1468
18,14,15,2305
18,14,16,2613
18,14,17,2832
18,14,18,2740
18,14,19,2560
18,14,20,2169
18,14,21,1791
18,14,22,1436
18,14,23,1120
18,14,24,858
18,14,25,642
18,14,26,514
18,14,27,356
18,14,28,251
18,14,29,185
18,14,30,125
18,14,31,108
18,14,32,55
18,14,33,42
18,14,34,24
18,14,35,21
18,14,36,8
18,14,37,14
18,14,38,6
18,14,39,2
18,14,40,2
18,14,41,2
18,14,42,1
18,14,43,1
18,14,46,1
19,13,11,2
19,13,12,22
19,13,13,175
19,13,14,657
19,13,15,1204
19,13,16,1858
19,13,17,2243
19,13,18,2459
19,13,19,2527
19,13,20,2363
19,13,21,2136
19,13,22,1811
19,13,23,1553
19,13,24,1168
19,13,25,939
19,13,26,693
19,13,27,539
19,13,28,422
19,13,29,301
19,13,30,230
19,13,31,163
19,13,32,103
19,13,33,86
19,13,34,60
19,13,35,43
19,13,36,35
19,13,37,26
19,13,38,19
19,13,39,11
19,13,40,9
19,13,41,8
19,13,42,2
19,13,44,2
19,13,46,2
20,12,12,2
20,12,13,21
20,12,14,166
20,12,15,519
20,12,16,1027
20,12,17,1586
20,12,18,1924
20,12,19,2197
20,12,20,2256
20,12,21,2194
20,12,22,2048
20,12,23,1752
20,12,24,1520
20,12,25,1232
20,12,26,1032
20,12,27,809
20,12,28,627
20,12,29,500
20,12,30,366
20,12,31,272
20,12,32,224
20,12,33,150
20,12,34,111
20,12,35,87
20,12,36,68
20,12,37,40
20,12,38,27
20,12,39,19
20,12,40,13
20,12,41,14
20,12,42,6
20,12,43,7
20,12,45,2
20,12,46,3
20,12,47,1
20,12,50,2
21,11,13,3
21,11,14,32
21,11,15,172
21,11,16,420
21,11,17,843
21,11,18,1250
21,11,19,1523
21,11,20,1917
21,11,21,2026
21,11,22,2004
21,11,23,1883
21,11,24,1727
21,11,25,1491
21,11,26,1282
21,11,27,1040
21,11,28,896
21,11,29,693
21,11,30,528
21,11,31,413
21,11,32,325
21,11,33,233
21,11,34,182
21,11,35,138
21,11,36,99
21,11,37,72
21,11,38,52
21,11,39,34
21,11,40,27
21,11,41,20
21,11,42,16
21,11,43,15
21,11,44,10
21,11,45,7
21,11,46,2
21,11,47,7
21,11,48,1
21,11,49,1
21,11,53,1
22,10,14,5
22,10,15,36
22,10,16,157
22,10,17,384
22,10,18,671
22,10,19,1030
22,10,20,1281
22,10,21,1568
22,10,22,1711
22,10,23,1750
22,10,24,1743
22,10,25,1637
22,10,26,1523
22,10,27,1210
22,10,28,1042
22,10,29,914
22,10,30,716
22,10,31,604
22,10,32,481
22,10,33,381
22,10,34,309
22,10,35,224
22,10,36,169
22,10,37,126
22,10,38,89
22,10,39,58
22,10,40,49
22,10,41,37
22,10,42,27
22,10,43,22
22,10,44,8
22,10,45,10
22,10,46,7
22,10,47,5
22,10,48,3
22,10,49,6
22,10,50,2
22,10,51,1
22,10,52,1
22,10,55,1
23,9,15,4
23,9,16,23
23,9,17,106
23,9,18,272
23,9,19,487
23,9,20,808
23,9,21,1062
23,9,22,1290
23,9,23,1440
23,9,24,1496
23,9,25,1572
23,9,26,1473
23,9,27,1393
23,9,28,1250
23,9,29,1113
23,9,30,952
23,9,31,769
23,9,32,617
23,9,33,461
23,9,34,417
23,9,35,333
23,9,36,272
23,9,37,199
23,9,38,135
23,9,39,120
23,9,40,72
23,9,41,62
23,9,42,55
23,9,43,39
23,9,44,26
23,9,45,21
23,9,46,15
23,9,47,9
23,9,48,6
23,9,49,7
23,9,50,7
23,9,51,5
23,9,52,1
23,9,54,1
23,9,59,1
24,8,16,5
24,8,17,28
24,8,18,73
24,8,19,213
24,8,20,429
24,8,21,608
24,8,22,873
24,8,23,1050
24,8,24,1150
24,8,25,1274
24,8,26,1343
24,8,27,1305
24,8,28,1296
24,8,29,1101
24,8,30,1000
24,8,31,878
24,8,32,799
24,8,33,656
24,8,34,530
24,8,35,417
24,8,36,390
24,8,37,262
24,8,38,204
24,8,39,189
24,8,40,122
24,8,41,101
24,8,42,87
24,8,43,56
24,8,44,41
24,8,45,36
24,8,46,28
24,8,47,16
24,8,48,9
24,8,49,8
24,8,50,5
24,8,51,5
24,8,52,4
24,8,53,3
24,8,54,2
24,8,55,2
24,8,56,2
24,8,58,1
24,8,59,1
24,8,60,1
25,7,16,1
25,7,17,7
25,7,18,23
25,7,19,59
25,7,20,153
25,7,21,255
25,7,22,425
25,7,23,621
25,7,24,805
25,7,25,932
25,7,26,987
25,7,27,1005
25,7,28,1063
25,7,29,1011
25,7,30,1005
25,7,31,896
25,7,32,812
25,7,33,708
25,7,34,618
25,7,35,532
25,7,36,435
25,7,37,327
25,7,38,281
25,7,39,227
25,7,40,140
25,7,41,152
25,7,42,103
25,7,43,82
25,7,44,69
25,7,45,44
25,7,46,43
25,7,47,35
25,7,48,17
25,7,49,15
25,7,50,10
25,7,51,9
25,7,52,6
25,7,53,5
25,7,54,2
25,7,55,2
25,7,56,2
25,7,57,2
25,7,58,1
25,7,61,1
25,7,62,1
25,7,67,1
26,6,18,2
26,6,19,15
26,6,20,41
26,6,21,108
26,6,22,187
26,6,23,286
26,6,24,397
26,6,25,506
26,6,26,630
26,6,27,763
26,6,28,806
26,6,29,846
26,6,30,827
26,6,31,789
26,6,32,708
26,6,33,654
26,6,34,603
26,6,35,501
26,6,36,433
26,6,37,356
26,6,38,328
26,6,39,249
26,6,40,203
26,6,41,151
26,6,42,108
26,6,43,101
26,6,44,73
26,6,45,61
26,6,46,43
26,6,47,37
26,6,48,24
26,6,49,25
26,6,50,10
26,6,51,13
26,6,52,12
26,6,53,4
26,6,54,3
26,6,55,6
26,6,56,3
26,6,57,1
26,6,58,3
26,6,59,3
26,6,61,1
27,5,20,11
27,5,21,34
27,5,22,62
27,5,23,106
27,5,24,172
27,5,25,246
27,5,26,379
27,5,27,433
27,5,28,509
27,5,29,586
27,5,30,577
27,5,31,560
27,5,32,568
27,5,33,545
27,5,34,485
27,5,35,434
27,5,36,423
27,5,37,325
27,5,38,310
27,5,39,231
27,5,40,196
27,5,41,187
27,5,42,143
27,5,43,111
27,5,44,84
27,5,45,84
27,5,46,46
27,5,47,49
27,5,48,36
27,5,49,29
27,5,50,21
27,5,51,9
27,5,52,13
27,5,53,7
27,5,54,6
27,5,55,4
27,5,56,2
27,5,57,1
27,5,58,3
27,5,59,2
27,5,60,1
27,5,63,1
28,4,19,1
28,4,20,2
28,4,21,5
28,4,22,13
28,4,23,29
28,4,24,51
28,4,25,92
28,4,26,145
28,4,27,191
28,4,28,247
28,4,29,291
28,4,30,265
28,4,31,324
28,4,32,336
28,4,33,360
28,4,34,333
28,4,35,349
28,4,36,316
28,4,37,251
28,4,38,280
28,4,39,225
28,4,40,152
28,4,41,157
28,4,42,115
28,4,43,103
28,4,44,74
28,4,45,56
28,4,46,45
28,4,47,48
28,4,48,29
28,4,49,24
28,4,50,15
28,4,51,15
28,4,52,12
28,4,53,14
28,4,54,3
28,4,55,7
28,4,56,1
28,4,57,2
28,4,58,5
28,4,59,2
28,4,60,2
28,4,65,1
28,4,67,1
28,4,68,2
29,3,23,10
29,3,24,12
29,3,25,32
29,3,26,54
29,3,27,56
29,3,28,102
29,3,29,106
29,3,30,132
29,3,31,163
29,3,32,177
29,3,33,199
29,3,34,183
29,3,35,164
29,3,36,142
29,3,37,162
29,3,38,146
29,3,39,133
29,3,40,105
29,3,41,105
29,3,42,80
29,3,43,72
29,3,44,62
29,3,45,53
29,3,46,30
29,3,47,34
29,3,48,26
29,3,49,21
29,3,50,22
29,3,51,11
29,3,52,8
29,3,53,7
29,3,54,7
29,3,55,3
29,3,56,7
29,3,57,3
29,3,58,1
29,3,59,2
29,3,60,1
29,3,61,1
29,3,62,3
30,2,23,2
30,2,24,2
30,2,25,5
30,2,26,9
30,2,27,13
30,2,28,18
30,2,29,39
30,2,30,50
30,2,31,54
30,2,32,59
30,2,33,74
30,2,34,69
30,2,35,81
30,2,36,78
30,2,37,80
30,2,38,69
30,2,39,53
30,2,40,54
30,2,41,56
30,2,42,43
30,2,43,45
30,2,44,23
30,2,45,26
30,2,46,22
30,2,47,20
30,2,48,12
30,2,49,13
30,2,50,13
30,2,51,10
30,2,52,8
30,2,53,4
30,2,54,5
30,2,55,5
30,2,56,2
30,2,58,3
30,2,59,1
30,2,60,1
30,2,61,1
31,1,26,5
31,1,27,1
31,1,28,3
31,1,29,7
31,1,30,10
31,1,31,16
31,1,32,16
31,1,33,15
31,1,34,17
31,1,35,18
31,1,36,15
31,1,37,24
31,1,38,24
31,1,39,21
31,1,40,13
31,1,41,11
31,1,42,12
31,1,43,15
31,1,44,15
31,1,45,14
31,1,46,5
31,1,47,11
31,1,48,4
31,1,49,1
31,1,50,9
31,1,51,3
31,1,52,2
31,1,53,1
31,1,54,3
31,1,55,1
31,1,56,2
31,1,57,1
31,1,60,1
31,1,71,1
32,0,31,2
32,0,32,3
32,0,33,1
32,0,34,4
32,0,35,2
32,0,37,1
32,0,38,2
32,0,39,2
32,0,40,3
32,0,41,5
32,0,43,2
32,0,44,2
32,0,45,1
32,0,46,3
32,0,47,1
32,0,48,1
32,0,50,1
32,0,52,2
32,0,54,1
32,0,60,1
